version,1
info,team,Chennai Super Kings
info,team,Delhi Daredevils
info,gender,male
info,season,2009/10
info,date,2010/04/15
info,competition,Indian Premier League
info,match_number,50
info,venue,"MA Chidambaram Stadium, Chepauk"
info,city,Chennai
info,toss_winner,Chennai Super Kings
info,toss_decision,bat
info,player_of_match,G Gambhir
info,umpire,HDPK Dharmasena
info,umpire,SS Hazare
info,reserve_umpire,J Madanagopal
info,tv_umpire,SJA Taufel
info,match_referee,GR Viswanath
info,winner,Delhi Daredevils
info,winner_wickets,6
ball,1,0.1,Chennai Super Kings,M Vijay,ML Hayden,DP Nannes,0,2,"",""
ball,1,0.2,Chennai Super Kings,ML Hayden,M Vijay,DP Nannes,0,0,"",""
ball,1,0.3,Chennai Super Kings,ML Hayden,M Vijay,DP Nannes,1,0,"",""
ball,1,0.4,Chennai Super Kings,M Vijay,ML Hayden,DP Nannes,0,0,"",""
ball,1,0.5,Chennai Super Kings,M Vijay,ML Hayden,DP Nannes,0,0,"",""
ball,1,0.6,Chennai Super Kings,M Vijay,ML Hayden,DP Nannes,4,0,"",""
ball,1,0.7,Chennai Super Kings,M Vijay,ML Hayden,DP Nannes,2,0,"",""
ball,1,1.1,Chennai Super Kings,ML Hayden,M Vijay,A Nehra,0,0,"",""
ball,1,1.2,Chennai Super Kings,ML Hayden,M Vijay,A Nehra,0,0,"",""
ball,1,1.3,Chennai Super Kings,ML Hayden,M Vijay,A Nehra,0,0,caught,ML Hayden
ball,1,1.4,Chennai Super Kings,M Vijay,MS Dhoni,A Nehra,0,0,"",""
ball,1,1.5,Chennai Super Kings,M Vijay,MS Dhoni,A Nehra,4,0,"",""
ball,1,1.6,Chennai Super Kings,M Vijay,MS Dhoni,A Nehra,0,0,"",""
ball,1,2.1,Chennai Super Kings,MS Dhoni,M Vijay,DP Nannes,0,0,"",""
ball,1,2.2,Chennai Super Kings,MS Dhoni,M Vijay,DP Nannes,0,0,caught,MS Dhoni
ball,1,2.3,Chennai Super Kings,SK Raina,M Vijay,DP Nannes,1,0,"",""
ball,1,2.4,Chennai Super Kings,M Vijay,SK Raina,DP Nannes,0,0,"",""
ball,1,2.5,Chennai Super Kings,M Vijay,SK Raina,DP Nannes,3,0,"",""
ball,1,2.6,Chennai Super Kings,SK Raina,M Vijay,DP Nannes,1,0,"",""
ball,1,3.1,Chennai Super Kings,SK Raina,M Vijay,A Nehra,0,0,"",""
ball,1,3.2,Chennai Super Kings,SK Raina,M Vijay,A Nehra,1,0,"",""
ball,1,3.3,Chennai Super Kings,M Vijay,SK Raina,A Nehra,4,0,"",""
ball,1,3.4,Chennai Super Kings,M Vijay,SK Raina,A Nehra,0,0,caught,M Vijay
ball,1,3.5,Chennai Super Kings,MEK Hussey,SK Raina,A Nehra,0,0,"",""
ball,1,3.6,Chennai Super Kings,MEK Hussey,SK Raina,A Nehra,0,0,"",""
ball,1,4.1,Chennai Super Kings,SK Raina,MEK Hussey,UT Yadav,4,0,"",""
ball,1,4.2,Chennai Super Kings,SK Raina,MEK Hussey,UT Yadav,0,0,"",""
ball,1,4.3,Chennai Super Kings,SK Raina,MEK Hussey,UT Yadav,0,0,"",""
ball,1,4.4,Chennai Super Kings,SK Raina,MEK Hussey,UT Yadav,0,0,"",""
ball,1,4.5,Chennai Super Kings,SK Raina,MEK Hussey,UT Yadav,0,3,"",""
ball,1,4.6,Chennai Super Kings,SK Raina,MEK Hussey,UT Yadav,0,0,"",""
ball,1,4.7,Chennai Super Kings,SK Raina,MEK Hussey,UT Yadav,4,0,"",""
ball,1,5.1,Chennai Super Kings,MEK Hussey,SK Raina,A Nehra,3,0,"",""
ball,1,5.2,Chennai Super Kings,SK Raina,MEK Hussey,A Nehra,0,0,"",""
ball,1,5.3,Chennai Super Kings,SK Raina,MEK Hussey,A Nehra,0,0,"",""
ball,1,5.4,Chennai Super Kings,SK Raina,MEK Hussey,A Nehra,0,0,"",""
ball,1,5.5,Chennai Super Kings,SK Raina,MEK Hussey,A Nehra,1,0,"",""
ball,1,5.6,Chennai Super Kings,MEK Hussey,SK Raina,A Nehra,1,0,"",""
ball,1,6.1,Chennai Super Kings,MEK Hussey,SK Raina,TM Dilshan,1,0,"",""
ball,1,6.2,Chennai Super Kings,SK Raina,MEK Hussey,TM Dilshan,0,0,"",""
ball,1,6.3,Chennai Super Kings,SK Raina,MEK Hussey,TM Dilshan,0,0,"",""
ball,1,6.4,Chennai Super Kings,SK Raina,MEK Hussey,TM Dilshan,1,0,"",""
ball,1,6.5,Chennai Super Kings,MEK Hussey,SK Raina,TM Dilshan,1,0,"",""
ball,1,6.6,Chennai Super Kings,SK Raina,MEK Hussey,TM Dilshan,2,0,"",""
ball,1,7.1,Chennai Super Kings,MEK Hussey,SK Raina,V Sehwag,4,0,"",""
ball,1,7.2,Chennai Super Kings,MEK Hussey,SK Raina,V Sehwag,0,0,"",""
ball,1,7.3,Chennai Super Kings,MEK Hussey,SK Raina,V Sehwag,4,0,"",""
ball,1,7.4,Chennai Super Kings,MEK Hussey,SK Raina,V Sehwag,0,0,"",""
ball,1,7.5,Chennai Super Kings,MEK Hussey,SK Raina,V Sehwag,0,0,"",""
ball,1,7.6,Chennai Super Kings,MEK Hussey,SK Raina,V Sehwag,0,0,"",""
ball,1,8.1,Chennai Super Kings,SK Raina,MEK Hussey,TM Dilshan,0,0,caught,SK Raina
ball,1,8.2,Chennai Super Kings,MEK Hussey,S Badrinath,TM Dilshan,0,0,"",""
ball,1,8.3,Chennai Super Kings,MEK Hussey,S Badrinath,TM Dilshan,0,0,"",""
ball,1,8.4,Chennai Super Kings,MEK Hussey,S Badrinath,TM Dilshan,0,0,"",""
ball,1,8.5,Chennai Super Kings,MEK Hussey,S Badrinath,TM Dilshan,0,0,"",""
ball,1,8.6,Chennai Super Kings,MEK Hussey,S Badrinath,TM Dilshan,1,0,"",""
ball,1,9.1,Chennai Super Kings,MEK Hussey,S Badrinath,V Sehwag,0,0,caught,MEK Hussey
ball,1,9.2,Chennai Super Kings,JA Morkel,S Badrinath,V Sehwag,0,0,"",""
ball,1,9.3,Chennai Super Kings,JA Morkel,S Badrinath,V Sehwag,0,0,"",""
ball,1,9.4,Chennai Super Kings,JA Morkel,S Badrinath,V Sehwag,1,0,"",""
ball,1,9.5,Chennai Super Kings,S Badrinath,JA Morkel,V Sehwag,1,0,"",""
ball,1,9.6,Chennai Super Kings,JA Morkel,S Badrinath,V Sehwag,0,0,caught,JA Morkel
ball,1,10.1,Chennai Super Kings,S Badrinath,R Ashwin,A Mishra,1,0,"",""
ball,1,10.2,Chennai Super Kings,R Ashwin,S Badrinath,A Mishra,1,0,"",""
ball,1,10.3,Chennai Super Kings,S Badrinath,R Ashwin,A Mishra,2,0,"",""
ball,1,10.4,Chennai Super Kings,S Badrinath,R Ashwin,A Mishra,0,0,"",""
ball,1,10.5,Chennai Super Kings,S Badrinath,R Ashwin,A Mishra,0,0,"",""
ball,1,10.6,Chennai Super Kings,S Badrinath,R Ashwin,A Mishra,1,0,"",""
ball,1,11.1,Chennai Super Kings,S Badrinath,R Ashwin,V Sehwag,0,0,"",""
ball,1,11.2,Chennai Super Kings,S Badrinath,R Ashwin,V Sehwag,1,0,"",""
ball,1,11.3,Chennai Super Kings,R Ashwin,S Badrinath,V Sehwag,0,0,"",""
ball,1,11.4,Chennai Super Kings,R Ashwin,S Badrinath,V Sehwag,0,0,"",""
ball,1,11.5,Chennai Super Kings,R Ashwin,S Badrinath,V Sehwag,0,0,"",""
ball,1,11.6,Chennai Super Kings,R Ashwin,S Badrinath,V Sehwag,1,0,"",""
ball,1,12.1,Chennai Super Kings,R Ashwin,S Badrinath,A Mishra,1,0,"",""
ball,1,12.2,Chennai Super Kings,S Badrinath,R Ashwin,A Mishra,1,0,"",""
ball,1,12.3,Chennai Super Kings,R Ashwin,S Badrinath,A Mishra,0,0,"",""
ball,1,12.4,Chennai Super Kings,R Ashwin,S Badrinath,A Mishra,0,0,"",""
ball,1,12.5,Chennai Super Kings,R Ashwin,S Badrinath,A Mishra,0,0,"",""
ball,1,12.6,Chennai Super Kings,R Ashwin,S Badrinath,A Mishra,1,0,"",""
ball,1,13.1,Chennai Super Kings,R Ashwin,S Badrinath,V Sehwag,1,0,"",""
ball,1,13.2,Chennai Super Kings,S Badrinath,R Ashwin,V Sehwag,2,0,"",""
ball,1,13.3,Chennai Super Kings,S Badrinath,R Ashwin,V Sehwag,1,0,"",""
ball,1,13.4,Chennai Super Kings,R Ashwin,S Badrinath,V Sehwag,1,0,"",""
ball,1,13.5,Chennai Super Kings,S Badrinath,R Ashwin,V Sehwag,1,0,"",""
ball,1,13.6,Chennai Super Kings,R Ashwin,S Badrinath,V Sehwag,0,0,"",""
ball,1,14.1,Chennai Super Kings,S Badrinath,R Ashwin,A Mishra,1,0,run out,R Ashwin
ball,1,14.2,Chennai Super Kings,S Badrinath,L Balaji,A Mishra,1,0,"",""
ball,1,14.3,Chennai Super Kings,L Balaji,S Badrinath,A Mishra,0,0,"",""
ball,1,14.4,Chennai Super Kings,L Balaji,S Badrinath,A Mishra,0,0,"",""
ball,1,14.5,Chennai Super Kings,L Balaji,S Badrinath,A Mishra,0,0,"",""
ball,1,14.6,Chennai Super Kings,L Balaji,S Badrinath,A Mishra,1,0,"",""
ball,1,15.1,Chennai Super Kings,L Balaji,S Badrinath,TM Dilshan,1,0,"",""
ball,1,15.2,Chennai Super Kings,S Badrinath,L Balaji,TM Dilshan,0,0,"",""
ball,1,15.3,Chennai Super Kings,S Badrinath,L Balaji,TM Dilshan,1,0,"",""
ball,1,15.4,Chennai Super Kings,L Balaji,S Badrinath,TM Dilshan,0,0,"",""
ball,1,15.5,Chennai Super Kings,L Balaji,S Badrinath,TM Dilshan,1,0,"",""
ball,1,15.6,Chennai Super Kings,S Badrinath,L Balaji,TM Dilshan,0,0,"",""
ball,1,16.1,Chennai Super Kings,L Balaji,S Badrinath,A Mishra,0,0,lbw,L Balaji
ball,1,16.2,Chennai Super Kings,DE Bollinger,S Badrinath,A Mishra,0,1,"",""
ball,1,16.3,Chennai Super Kings,DE Bollinger,S Badrinath,A Mishra,0,0,"",""
ball,1,16.4,Chennai Super Kings,DE Bollinger,S Badrinath,A Mishra,0,0,"",""
ball,1,16.5,Chennai Super Kings,DE Bollinger,S Badrinath,A Mishra,0,0,"",""
ball,1,16.6,Chennai Super Kings,DE Bollinger,S Badrinath,A Mishra,1,0,"",""
ball,1,16.7,Chennai Super Kings,S Badrinath,DE Bollinger,A Mishra,0,0,"",""
ball,1,17.1,Chennai Super Kings,DE Bollinger,S Badrinath,TM Dilshan,0,0,"",""
ball,1,17.2,Chennai Super Kings,DE Bollinger,S Badrinath,TM Dilshan,1,0,"",""
ball,1,17.3,Chennai Super Kings,S Badrinath,DE Bollinger,TM Dilshan,1,0,"",""
ball,1,17.4,Chennai Super Kings,DE Bollinger,S Badrinath,TM Dilshan,1,0,"",""
ball,1,17.5,Chennai Super Kings,S Badrinath,DE Bollinger,TM Dilshan,1,0,"",""
ball,1,17.6,Chennai Super Kings,DE Bollinger,S Badrinath,TM Dilshan,6,0,"",""
ball,1,18.1,Chennai Super Kings,S Badrinath,DE Bollinger,DP Nannes,1,0,"",""
ball,1,18.2,Chennai Super Kings,DE Bollinger,S Badrinath,DP Nannes,1,0,"",""
ball,1,18.3,Chennai Super Kings,S Badrinath,DE Bollinger,DP Nannes,0,0,"",""
ball,1,18.4,Chennai Super Kings,S Badrinath,DE Bollinger,DP Nannes,1,1,"",""
ball,1,18.5,Chennai Super Kings,DE Bollinger,S Badrinath,DP Nannes,1,0,"",""
ball,1,18.6,Chennai Super Kings,S Badrinath,DE Bollinger,DP Nannes,0,1,"",""
ball,1,18.7,Chennai Super Kings,S Badrinath,DE Bollinger,DP Nannes,4,0,"",""
ball,1,18.8,Chennai Super Kings,S Badrinath,DE Bollinger,DP Nannes,1,0,"",""
ball,1,18.9,Chennai Super Kings,DE Bollinger,S Badrinath,DP Nannes,0,0,"",""
ball,1,19.1,Chennai Super Kings,S Badrinath,DE Bollinger,A Nehra,1,0,"",""
ball,1,19.2,Chennai Super Kings,DE Bollinger,S Badrinath,A Nehra,4,0,"",""
ball,1,19.3,Chennai Super Kings,DE Bollinger,S Badrinath,A Nehra,1,0,"",""
ball,1,19.4,Chennai Super Kings,S Badrinath,DE Bollinger,A Nehra,2,0,"",""
ball,1,19.5,Chennai Super Kings,S Badrinath,DE Bollinger,A Nehra,4,0,"",""
ball,1,19.6,Chennai Super Kings,S Badrinath,DE Bollinger,A Nehra,0,0,caught,S Badrinath
ball,2,0.1,Delhi Daredevils,V Sehwag,DA Warner,R Ashwin,1,0,"",""
ball,2,0.2,Delhi Daredevils,DA Warner,V Sehwag,R Ashwin,0,0,"",""
ball,2,0.3,Delhi Daredevils,DA Warner,V Sehwag,R Ashwin,0,0,caught,DA Warner
ball,2,0.4,Delhi Daredevils,TM Dilshan,V Sehwag,R Ashwin,1,0,"",""
ball,2,0.5,Delhi Daredevils,V Sehwag,TM Dilshan,R Ashwin,2,0,"",""
ball,2,0.6,Delhi Daredevils,V Sehwag,TM Dilshan,R Ashwin,1,0,"",""
ball,2,1.1,Delhi Daredevils,V Sehwag,TM Dilshan,DE Bollinger,0,0,caught,V Sehwag
ball,2,1.2,Delhi Daredevils,G Gambhir,TM Dilshan,DE Bollinger,0,0,"",""
ball,2,1.3,Delhi Daredevils,G Gambhir,TM Dilshan,DE Bollinger,1,0,"",""
ball,2,1.4,Delhi Daredevils,TM Dilshan,G Gambhir,DE Bollinger,0,0,bowled,TM Dilshan
ball,2,1.5,Delhi Daredevils,KD Karthik,G Gambhir,DE Bollinger,0,0,"",""
ball,2,1.6,Delhi Daredevils,KD Karthik,G Gambhir,DE Bollinger,1,0,"",""
ball,2,2.1,Delhi Daredevils,KD Karthik,G Gambhir,R Ashwin,1,0,"",""
ball,2,2.2,Delhi Daredevils,G Gambhir,KD Karthik,R Ashwin,0,0,"",""
ball,2,2.3,Delhi Daredevils,G Gambhir,KD Karthik,R Ashwin,0,0,"",""
ball,2,2.4,Delhi Daredevils,G Gambhir,KD Karthik,R Ashwin,0,0,"",""
ball,2,2.5,Delhi Daredevils,G Gambhir,KD Karthik,R Ashwin,0,0,"",""
ball,2,2.6,Delhi Daredevils,G Gambhir,KD Karthik,R Ashwin,4,0,"",""
ball,2,3.1,Delhi Daredevils,KD Karthik,G Gambhir,DE Bollinger,0,0,"",""
ball,2,3.2,Delhi Daredevils,KD Karthik,G Gambhir,DE Bollinger,2,0,"",""
ball,2,3.3,Delhi Daredevils,KD Karthik,G Gambhir,DE Bollinger,0,2,"",""
ball,2,3.4,Delhi Daredevils,G Gambhir,KD Karthik,DE Bollinger,0,0,"",""
ball,2,3.5,Delhi Daredevils,G Gambhir,KD Karthik,DE Bollinger,1,0,"",""
ball,2,3.6,Delhi Daredevils,KD Karthik,G Gambhir,DE Bollinger,1,0,"",""
ball,2,3.7,Delhi Daredevils,G Gambhir,KD Karthik,DE Bollinger,0,0,"",""
ball,2,4.1,Delhi Daredevils,KD Karthik,G Gambhir,R Ashwin,1,0,"",""
ball,2,4.2,Delhi Daredevils,G Gambhir,KD Karthik,R Ashwin,1,0,"",""
ball,2,4.3,Delhi Daredevils,KD Karthik,G Gambhir,R Ashwin,0,4,"",""
ball,2,4.4,Delhi Daredevils,KD Karthik,G Gambhir,R Ashwin,0,0,"",""
ball,2,4.5,Delhi Daredevils,KD Karthik,G Gambhir,R Ashwin,1,0,"",""
ball,2,4.6,Delhi Daredevils,G Gambhir,KD Karthik,R Ashwin,1,0,"",""
ball,2,5.1,Delhi Daredevils,G Gambhir,KD Karthik,DE Bollinger,0,0,"",""
ball,2,5.2,Delhi Daredevils,G Gambhir,KD Karthik,DE Bollinger,0,0,"",""
ball,2,5.3,Delhi Daredevils,G Gambhir,KD Karthik,DE Bollinger,2,0,"",""
ball,2,5.4,Delhi Daredevils,G Gambhir,KD Karthik,DE Bollinger,1,0,"",""
ball,2,5.5,Delhi Daredevils,KD Karthik,G Gambhir,DE Bollinger,4,0,"",""
ball,2,5.6,Delhi Daredevils,KD Karthik,G Gambhir,DE Bollinger,0,0,"",""
ball,2,6.1,Delhi Daredevils,G Gambhir,KD Karthik,SB Jakati,2,0,"",""
ball,2,6.2,Delhi Daredevils,G Gambhir,KD Karthik,SB Jakati,1,0,"",""
ball,2,6.3,Delhi Daredevils,KD Karthik,G Gambhir,SB Jakati,0,0,"",""
ball,2,6.4,Delhi Daredevils,KD Karthik,G Gambhir,SB Jakati,0,0,"",""
ball,2,6.5,Delhi Daredevils,KD Karthik,G Gambhir,SB Jakati,2,0,"",""
ball,2,6.6,Delhi Daredevils,KD Karthik,G Gambhir,SB Jakati,0,0,caught,KD Karthik
ball,2,7.1,Delhi Daredevils,M Manhas,G Gambhir,JA Morkel,1,0,"",""
ball,2,7.2,Delhi Daredevils,G Gambhir,M Manhas,JA Morkel,2,0,"",""
ball,2,7.3,Delhi Daredevils,G Gambhir,M Manhas,JA Morkel,0,0,"",""
ball,2,7.4,Delhi Daredevils,G Gambhir,M Manhas,JA Morkel,2,0,"",""
ball,2,7.5,Delhi Daredevils,G Gambhir,M Manhas,JA Morkel,0,0,"",""
ball,2,7.6,Delhi Daredevils,G Gambhir,M Manhas,JA Morkel,1,0,"",""
ball,2,8.1,Delhi Daredevils,G Gambhir,M Manhas,SB Jakati,2,0,"",""
ball,2,8.2,Delhi Daredevils,G Gambhir,M Manhas,SB Jakati,3,0,"",""
ball,2,8.3,Delhi Daredevils,M Manhas,G Gambhir,SB Jakati,0,0,"",""
ball,2,8.4,Delhi Daredevils,M Manhas,G Gambhir,SB Jakati,1,0,"",""
ball,2,8.5,Delhi Daredevils,G Gambhir,M Manhas,SB Jakati,0,0,"",""
ball,2,8.6,Delhi Daredevils,G Gambhir,M Manhas,SB Jakati,0,0,"",""
ball,2,9.1,Delhi Daredevils,M Manhas,G Gambhir,JA Morkel,1,0,"",""
ball,2,9.2,Delhi Daredevils,G Gambhir,M Manhas,JA Morkel,1,0,"",""
ball,2,9.3,Delhi Daredevils,M Manhas,G Gambhir,JA Morkel,0,1,"",""
ball,2,9.4,Delhi Daredevils,M Manhas,G Gambhir,JA Morkel,1,0,"",""
ball,2,9.5,Delhi Daredevils,G Gambhir,M Manhas,JA Morkel,1,0,"",""
ball,2,9.6,Delhi Daredevils,M Manhas,G Gambhir,JA Morkel,1,0,"",""
ball,2,9.7,Delhi Daredevils,G Gambhir,M Manhas,JA Morkel,0,0,"",""
ball,2,10.1,Delhi Daredevils,M Manhas,G Gambhir,L Balaji,1,0,"",""
ball,2,10.2,Delhi Daredevils,G Gambhir,M Manhas,L Balaji,0,0,"",""
ball,2,10.3,Delhi Daredevils,G Gambhir,M Manhas,L Balaji,1,0,"",""
ball,2,10.4,Delhi Daredevils,M Manhas,G Gambhir,L Balaji,0,1,"",""
ball,2,10.5,Delhi Daredevils,M Manhas,G Gambhir,L Balaji,0,0,"",""
ball,2,10.6,Delhi Daredevils,M Manhas,G Gambhir,L Balaji,1,0,"",""
ball,2,10.7,Delhi Daredevils,G Gambhir,M Manhas,L Balaji,0,0,"",""
ball,2,11.1,Delhi Daredevils,M Manhas,G Gambhir,SK Raina,0,0,"",""
ball,2,11.2,Delhi Daredevils,M Manhas,G Gambhir,SK Raina,0,0,"",""
ball,2,11.3,Delhi Daredevils,M Manhas,G Gambhir,SK Raina,0,0,"",""
ball,2,11.4,Delhi Daredevils,M Manhas,G Gambhir,SK Raina,0,0,"",""
ball,2,11.5,Delhi Daredevils,M Manhas,G Gambhir,SK Raina,0,0,"",""
ball,2,11.6,Delhi Daredevils,M Manhas,G Gambhir,SK Raina,1,0,"",""
ball,2,12.1,Delhi Daredevils,M Manhas,G Gambhir,L Balaji,4,0,"",""
ball,2,12.2,Delhi Daredevils,M Manhas,G Gambhir,L Balaji,1,0,"",""
ball,2,12.3,Delhi Daredevils,G Gambhir,M Manhas,L Balaji,0,0,"",""
ball,2,12.4,Delhi Daredevils,G Gambhir,M Manhas,L Balaji,0,5,"",""
ball,2,12.5,Delhi Daredevils,G Gambhir,M Manhas,L Balaji,1,0,"",""
ball,2,12.6,Delhi Daredevils,M Manhas,G Gambhir,L Balaji,1,0,"",""
ball,2,12.7,Delhi Daredevils,G Gambhir,M Manhas,L Balaji,0,0,"",""
ball,2,13.1,Delhi Daredevils,M Manhas,G Gambhir,SB Jakati,0,0,"",""
ball,2,13.2,Delhi Daredevils,M Manhas,G Gambhir,SB Jakati,1,0,"",""
ball,2,13.3,Delhi Daredevils,G Gambhir,M Manhas,SB Jakati,1,0,"",""
ball,2,13.4,Delhi Daredevils,M Manhas,G Gambhir,SB Jakati,0,0,"",""
ball,2,13.5,Delhi Daredevils,M Manhas,G Gambhir,SB Jakati,0,0,"",""
ball,2,13.6,Delhi Daredevils,M Manhas,G Gambhir,SB Jakati,1,0,"",""
ball,2,14.1,Delhi Daredevils,M Manhas,G Gambhir,SK Raina,1,0,"",""
ball,2,14.2,Delhi Daredevils,G Gambhir,M Manhas,SK Raina,1,0,"",""
ball,2,14.3,Delhi Daredevils,M Manhas,G Gambhir,SK Raina,1,0,"",""
ball,2,14.4,Delhi Daredevils,G Gambhir,M Manhas,SK Raina,0,0,"",""
ball,2,14.5,Delhi Daredevils,G Gambhir,M Manhas,SK Raina,0,0,"",""
ball,2,14.6,Delhi Daredevils,G Gambhir,M Manhas,SK Raina,1,0,"",""
ball,2,15.1,Delhi Daredevils,G Gambhir,M Manhas,R Ashwin,1,0,"",""
ball,2,15.2,Delhi Daredevils,M Manhas,G Gambhir,R Ashwin,4,0,"",""
ball,2,15.3,Delhi Daredevils,M Manhas,G Gambhir,R Ashwin,1,0,"",""
ball,2,15.4,Delhi Daredevils,G Gambhir,M Manhas,R Ashwin,0,0,"",""
ball,2,15.5,Delhi Daredevils,G Gambhir,M Manhas,R Ashwin,0,0,"",""
ball,2,15.6,Delhi Daredevils,G Gambhir,M Manhas,R Ashwin,4,0,"",""
ball,2,16.1,Delhi Daredevils,M Manhas,G Gambhir,SK Raina,1,0,"",""
ball,2,16.2,Delhi Daredevils,G Gambhir,M Manhas,SK Raina,4,0,"",""
ball,2,16.3,Delhi Daredevils,G Gambhir,M Manhas,SK Raina,0,0,"",""
ball,2,16.4,Delhi Daredevils,G Gambhir,M Manhas,SK Raina,4,0,"",""
ball,2,16.5,Delhi Daredevils,G Gambhir,M Manhas,SK Raina,1,0,"",""
ball,2,16.6,Delhi Daredevils,M Manhas,G Gambhir,SK Raina,0,0,"",""
ball,2,17.1,Delhi Daredevils,G Gambhir,M Manhas,DE Bollinger,3,0,"",""
ball,2,17.2,Delhi Daredevils,M Manhas,G Gambhir,DE Bollinger,0,0,"",""
ball,2,17.3,Delhi Daredevils,M Manhas,G Gambhir,DE Bollinger,1,0,"",""
ball,2,17.4,Delhi Daredevils,G Gambhir,M Manhas,DE Bollinger,4,0,"",""
ball,2,17.5,Delhi Daredevils,G Gambhir,M Manhas,DE Bollinger,1,0,"",""
ball,2,17.6,Delhi Daredevils,M Manhas,G Gambhir,DE Bollinger,0,0,"",""
ball,2,18.1,Delhi Daredevils,G Gambhir,M Manhas,JA Morkel,0,0,"",""
ball,2,18.2,Delhi Daredevils,G Gambhir,M Manhas,JA Morkel,0,0,"",""
ball,2,18.3,Delhi Daredevils,G Gambhir,M Manhas,JA Morkel,2,0,"",""
ball,2,18.4,Delhi Daredevils,G Gambhir,M Manhas,JA Morkel,2,0,"",""
