version,1
info,team,Chennai Super Kings
info,team,Kolkata Knight Riders
info,gender,male
info,season,2014
info,date,2014/05/02
info,competition,Indian Premier League
info,match_number,21
info,venue,JSCA International Stadium Complex
info,city,Ranchi
info,toss_winner,Chennai Super Kings
info,toss_decision,bat
info,player_of_match,RA Jadeja
info,umpire,AK Chaudhary
info,umpire,NJ Llong
info,reserve_umpire,AY Dandekar
info,tv_umpire,CK Nandan
info,match_referee,J Srinath
info,winner,Chennai Super Kings
info,winner_runs,34
ball,1,0.1,Chennai Super Kings,DR Smith,BB McCullum,Shakib Al Hasan,0,0,"",""
ball,1,0.2,Chennai Super Kings,DR Smith,BB McCullum,Shakib Al Hasan,0,0,"",""
ball,1,0.3,Chennai Super Kings,DR Smith,BB McCullum,Shakib Al Hasan,4,0,"",""
ball,1,0.4,Chennai Super Kings,DR Smith,BB McCullum,Shakib Al Hasan,1,0,"",""
ball,1,0.5,Chennai Super Kings,BB McCullum,DR Smith,Shakib Al Hasan,4,0,"",""
ball,1,0.6,Chennai Super Kings,BB McCullum,DR Smith,Shakib Al Hasan,0,0,"",""
ball,1,1.1,Chennai Super Kings,DR Smith,BB McCullum,SP Narine,4,0,"",""
ball,1,1.2,Chennai Super Kings,DR Smith,BB McCullum,SP Narine,0,0,"",""
ball,1,1.3,Chennai Super Kings,DR Smith,BB McCullum,SP Narine,0,0,"",""
ball,1,1.4,Chennai Super Kings,DR Smith,BB McCullum,SP Narine,1,0,"",""
ball,1,1.5,Chennai Super Kings,BB McCullum,DR Smith,SP Narine,0,0,"",""
ball,1,1.6,Chennai Super Kings,BB McCullum,DR Smith,SP Narine,0,0,"",""
ball,1,2.1,Chennai Super Kings,DR Smith,BB McCullum,Shakib Al Hasan,0,0,"",""
ball,1,2.2,Chennai Super Kings,DR Smith,BB McCullum,Shakib Al Hasan,6,0,"",""
ball,1,2.3,Chennai Super Kings,DR Smith,BB McCullum,Shakib Al Hasan,0,0,lbw,DR Smith
ball,1,2.4,Chennai Super Kings,SK Raina,BB McCullum,Shakib Al Hasan,0,0,"",""
ball,1,2.5,Chennai Super Kings,SK Raina,BB McCullum,Shakib Al Hasan,0,0,"",""
ball,1,2.6,Chennai Super Kings,SK Raina,BB McCullum,Shakib Al Hasan,0,0,"",""
ball,1,3.1,Chennai Super Kings,BB McCullum,SK Raina,SP Narine,2,0,"",""
ball,1,3.2,Chennai Super Kings,BB McCullum,SK Raina,SP Narine,4,0,"",""
ball,1,3.3,Chennai Super Kings,BB McCullum,SK Raina,SP Narine,2,0,"",""
ball,1,3.4,Chennai Super Kings,BB McCullum,SK Raina,SP Narine,1,0,"",""
ball,1,3.5,Chennai Super Kings,SK Raina,BB McCullum,SP Narine,0,0,"",""
ball,1,3.6,Chennai Super Kings,SK Raina,BB McCullum,SP Narine,0,0,"",""
ball,1,4.1,Chennai Super Kings,BB McCullum,SK Raina,Shakib Al Hasan,0,0,"",""
ball,1,4.2,Chennai Super Kings,BB McCullum,SK Raina,Shakib Al Hasan,1,0,"",""
ball,1,4.3,Chennai Super Kings,SK Raina,BB McCullum,Shakib Al Hasan,1,0,"",""
ball,1,4.4,Chennai Super Kings,BB McCullum,SK Raina,Shakib Al Hasan,0,0,"",""
ball,1,4.5,Chennai Super Kings,BB McCullum,SK Raina,Shakib Al Hasan,1,0,"",""
ball,1,4.6,Chennai Super Kings,SK Raina,BB McCullum,Shakib Al Hasan,1,0,"",""
ball,1,5.1,Chennai Super Kings,SK Raina,BB McCullum,PP Chawla,4,0,"",""
ball,1,5.2,Chennai Super Kings,SK Raina,BB McCullum,PP Chawla,0,0,"",""
ball,1,5.3,Chennai Super Kings,SK Raina,BB McCullum,PP Chawla,4,0,"",""
ball,1,5.4,Chennai Super Kings,SK Raina,BB McCullum,PP Chawla,2,0,"",""
ball,1,5.5,Chennai Super Kings,SK Raina,BB McCullum,PP Chawla,0,0,"",""
ball,1,5.6,Chennai Super Kings,SK Raina,BB McCullum,PP Chawla,0,0,"",""
ball,1,6.1,Chennai Super Kings,BB McCullum,SK Raina,R Vinay Kumar,0,0,"",""
ball,1,6.2,Chennai Super Kings,BB McCullum,SK Raina,R Vinay Kumar,0,0,"",""
ball,1,6.3,Chennai Super Kings,BB McCullum,SK Raina,R Vinay Kumar,0,1,"",""
ball,1,6.4,Chennai Super Kings,SK Raina,BB McCullum,R Vinay Kumar,0,0,"",""
ball,1,6.5,Chennai Super Kings,SK Raina,BB McCullum,R Vinay Kumar,1,0,"",""
ball,1,6.6,Chennai Super Kings,BB McCullum,SK Raina,R Vinay Kumar,6,0,"",""
ball,1,7.1,Chennai Super Kings,SK Raina,BB McCullum,PP Chawla,2,0,"",""
ball,1,7.2,Chennai Super Kings,SK Raina,BB McCullum,PP Chawla,1,0,"",""
ball,1,7.3,Chennai Super Kings,BB McCullum,SK Raina,PP Chawla,4,0,"",""
ball,1,7.4,Chennai Super Kings,BB McCullum,SK Raina,PP Chawla,0,0,"",""
ball,1,7.5,Chennai Super Kings,BB McCullum,SK Raina,PP Chawla,1,0,"",""
ball,1,7.6,Chennai Super Kings,SK Raina,BB McCullum,PP Chawla,0,0,"",""
ball,1,8.1,Chennai Super Kings,BB McCullum,SK Raina,R Vinay Kumar,2,0,"",""
ball,1,8.2,Chennai Super Kings,BB McCullum,SK Raina,R Vinay Kumar,2,0,"",""
ball,1,8.3,Chennai Super Kings,BB McCullum,SK Raina,R Vinay Kumar,4,0,"",""
ball,1,8.4,Chennai Super Kings,BB McCullum,SK Raina,R Vinay Kumar,4,0,"",""
ball,1,8.5,Chennai Super Kings,BB McCullum,SK Raina,R Vinay Kumar,0,0,"",""
ball,1,8.6,Chennai Super Kings,BB McCullum,SK Raina,R Vinay Kumar,1,0,"",""
ball,1,9.1,Chennai Super Kings,BB McCullum,SK Raina,PP Chawla,1,0,"",""
ball,1,9.2,Chennai Super Kings,SK Raina,BB McCullum,PP Chawla,6,0,"",""
ball,1,9.3,Chennai Super Kings,SK Raina,BB McCullum,PP Chawla,1,0,"",""
ball,1,9.4,Chennai Super Kings,BB McCullum,SK Raina,PP Chawla,1,0,"",""
ball,1,9.5,Chennai Super Kings,SK Raina,BB McCullum,PP Chawla,4,0,"",""
ball,1,9.6,Chennai Super Kings,SK Raina,BB McCullum,PP Chawla,0,0,"",""
ball,1,10.1,Chennai Super Kings,BB McCullum,SK Raina,Shakib Al Hasan,1,0,"",""
ball,1,10.2,Chennai Super Kings,SK Raina,BB McCullum,Shakib Al Hasan,0,0,"",""
ball,1,10.3,Chennai Super Kings,SK Raina,BB McCullum,Shakib Al Hasan,4,0,"",""
ball,1,10.4,Chennai Super Kings,SK Raina,BB McCullum,Shakib Al Hasan,0,0,caught,SK Raina
ball,1,10.5,Chennai Super Kings,MS Dhoni,BB McCullum,Shakib Al Hasan,0,1,"",""
ball,1,10.6,Chennai Super Kings,BB McCullum,MS Dhoni,Shakib Al Hasan,1,0,"",""
ball,1,11.1,Chennai Super Kings,BB McCullum,MS Dhoni,JH Kallis,1,0,"",""
ball,1,11.2,Chennai Super Kings,MS Dhoni,BB McCullum,JH Kallis,1,0,"",""
ball,1,11.3,Chennai Super Kings,BB McCullum,MS Dhoni,JH Kallis,0,0,"",""
ball,1,11.4,Chennai Super Kings,BB McCullum,MS Dhoni,JH Kallis,6,0,"",""
ball,1,11.5,Chennai Super Kings,BB McCullum,MS Dhoni,JH Kallis,1,0,"",""
ball,1,11.6,Chennai Super Kings,MS Dhoni,BB McCullum,JH Kallis,1,0,"",""
ball,1,12.1,Chennai Super Kings,MS Dhoni,BB McCullum,R Vinay Kumar,1,0,"",""
ball,1,12.2,Chennai Super Kings,BB McCullum,MS Dhoni,R Vinay Kumar,1,0,"",""
ball,1,12.3,Chennai Super Kings,MS Dhoni,BB McCullum,R Vinay Kumar,2,0,"",""
ball,1,12.4,Chennai Super Kings,MS Dhoni,BB McCullum,R Vinay Kumar,1,0,"",""
ball,1,12.5,Chennai Super Kings,BB McCullum,MS Dhoni,R Vinay Kumar,0,0,"",""
ball,1,12.6,Chennai Super Kings,BB McCullum,MS Dhoni,R Vinay Kumar,1,0,"",""
ball,1,13.1,Chennai Super Kings,BB McCullum,MS Dhoni,SP Narine,1,0,"",""
ball,1,13.2,Chennai Super Kings,MS Dhoni,BB McCullum,SP Narine,1,0,"",""
ball,1,13.3,Chennai Super Kings,BB McCullum,MS Dhoni,SP Narine,1,0,"",""
ball,1,13.4,Chennai Super Kings,MS Dhoni,BB McCullum,SP Narine,1,0,"",""
ball,1,13.5,Chennai Super Kings,BB McCullum,MS Dhoni,SP Narine,1,0,"",""
ball,1,13.6,Chennai Super Kings,MS Dhoni,BB McCullum,SP Narine,1,0,"",""
ball,1,14.1,Chennai Super Kings,MS Dhoni,BB McCullum,AD Russell,4,0,"",""
ball,1,14.2,Chennai Super Kings,MS Dhoni,BB McCullum,AD Russell,0,1,"",""
ball,1,14.3,Chennai Super Kings,BB McCullum,MS Dhoni,AD Russell,0,0,caught,BB McCullum
ball,1,14.4,Chennai Super Kings,MS Dhoni,RA Jadeja,AD Russell,0,0,"",""
ball,1,14.5,Chennai Super Kings,MS Dhoni,RA Jadeja,AD Russell,1,0,"",""
ball,1,14.6,Chennai Super Kings,RA Jadeja,MS Dhoni,AD Russell,6,0,"",""
ball,1,15.1,Chennai Super Kings,MS Dhoni,RA Jadeja,SP Narine,1,0,"",""
ball,1,15.2,Chennai Super Kings,RA Jadeja,MS Dhoni,SP Narine,0,0,"",""
ball,1,15.3,Chennai Super Kings,RA Jadeja,MS Dhoni,SP Narine,2,0,"",""
ball,1,15.4,Chennai Super Kings,RA Jadeja,MS Dhoni,SP Narine,1,0,"",""
ball,1,15.5,Chennai Super Kings,MS Dhoni,RA Jadeja,SP Narine,1,0,"",""
ball,1,15.6,Chennai Super Kings,RA Jadeja,MS Dhoni,SP Narine,0,1,"",""
ball,1,15.7,Chennai Super Kings,RA Jadeja,MS Dhoni,SP Narine,0,1,"",""
ball,1,16.1,Chennai Super Kings,RA Jadeja,MS Dhoni,AD Russell,1,0,"",""
ball,1,16.2,Chennai Super Kings,MS Dhoni,RA Jadeja,AD Russell,6,0,"",""
ball,1,16.3,Chennai Super Kings,MS Dhoni,RA Jadeja,AD Russell,0,1,"",""
ball,1,16.4,Chennai Super Kings,RA Jadeja,MS Dhoni,AD Russell,2,0,"",""
ball,1,16.5,Chennai Super Kings,RA Jadeja,MS Dhoni,AD Russell,4,0,"",""
ball,1,16.6,Chennai Super Kings,RA Jadeja,MS Dhoni,AD Russell,1,0,"",""
ball,2,0.1,Kolkata Knight Riders,RV Uthappa,G Gambhir,BW Hilfenhaus,0,0,"",""
ball,2,0.2,Kolkata Knight Riders,RV Uthappa,G Gambhir,BW Hilfenhaus,0,0,"",""
ball,2,0.3,Kolkata Knight Riders,RV Uthappa,G Gambhir,BW Hilfenhaus,1,0,"",""
ball,2,0.4,Kolkata Knight Riders,G Gambhir,RV Uthappa,BW Hilfenhaus,0,0,"",""
ball,2,0.5,Kolkata Knight Riders,G Gambhir,RV Uthappa,BW Hilfenhaus,1,1,"",""
ball,2,0.6,Kolkata Knight Riders,RV Uthappa,G Gambhir,BW Hilfenhaus,0,0,"",""
ball,2,0.7,Kolkata Knight Riders,RV Uthappa,G Gambhir,BW Hilfenhaus,0,0,"",""
ball,2,1.1,Kolkata Knight Riders,G Gambhir,RV Uthappa,IC Pandey,0,0,"",""
ball,2,1.2,Kolkata Knight Riders,G Gambhir,RV Uthappa,IC Pandey,4,0,"",""
ball,2,1.3,Kolkata Knight Riders,G Gambhir,RV Uthappa,IC Pandey,0,1,"",""
ball,2,1.4,Kolkata Knight Riders,RV Uthappa,G Gambhir,IC Pandey,4,0,"",""
ball,2,1.5,Kolkata Knight Riders,RV Uthappa,G Gambhir,IC Pandey,4,0,"",""
ball,2,1.6,Kolkata Knight Riders,RV Uthappa,G Gambhir,IC Pandey,0,0,"",""
ball,2,2.1,Kolkata Knight Riders,G Gambhir,RV Uthappa,BW Hilfenhaus,1,0,"",""
ball,2,2.2,Kolkata Knight Riders,RV Uthappa,G Gambhir,BW Hilfenhaus,0,0,run out,G Gambhir
ball,2,2.3,Kolkata Knight Riders,RV Uthappa,JH Kallis,BW Hilfenhaus,2,0,"",""
ball,2,2.4,Kolkata Knight Riders,RV Uthappa,JH Kallis,BW Hilfenhaus,0,0,"",""
ball,2,2.5,Kolkata Knight Riders,RV Uthappa,JH Kallis,BW Hilfenhaus,1,0,"",""
ball,2,2.6,Kolkata Knight Riders,JH Kallis,RV Uthappa,BW Hilfenhaus,0,0,"",""
ball,2,3.1,Kolkata Knight Riders,RV Uthappa,JH Kallis,MM Sharma,0,0,"",""
ball,2,3.2,Kolkata Knight Riders,RV Uthappa,JH Kallis,MM Sharma,4,0,"",""
ball,2,3.3,Kolkata Knight Riders,RV Uthappa,JH Kallis,MM Sharma,6,0,"",""
ball,2,3.4,Kolkata Knight Riders,RV Uthappa,JH Kallis,MM Sharma,1,0,"",""
ball,2,3.5,Kolkata Knight Riders,JH Kallis,RV Uthappa,MM Sharma,0,0,"",""
ball,2,3.6,Kolkata Knight Riders,JH Kallis,RV Uthappa,MM Sharma,4,0,"",""
ball,2,4.1,Kolkata Knight Riders,RV Uthappa,JH Kallis,R Ashwin,1,0,"",""
ball,2,4.2,Kolkata Knight Riders,JH Kallis,RV Uthappa,R Ashwin,0,0,"",""
ball,2,4.3,Kolkata Knight Riders,JH Kallis,RV Uthappa,R Ashwin,0,0,"",""
ball,2,4.4,Kolkata Knight Riders,JH Kallis,RV Uthappa,R Ashwin,0,0,caught,JH Kallis
ball,2,4.5,Kolkata Knight Riders,RV Uthappa,MK Pandey,R Ashwin,1,0,"",""
ball,2,4.6,Kolkata Knight Riders,MK Pandey,RV Uthappa,R Ashwin,1,0,"",""
ball,2,5.1,Kolkata Knight Riders,MK Pandey,RV Uthappa,RA Jadeja,0,0,caught,MK Pandey
ball,2,5.2,Kolkata Knight Riders,Shakib Al Hasan,RV Uthappa,RA Jadeja,0,0,caught,Shakib Al Hasan
ball,2,5.3,Kolkata Knight Riders,RV Uthappa,SA Yadav,RA Jadeja,1,0,"",""
ball,2,5.4,Kolkata Knight Riders,SA Yadav,RV Uthappa,RA Jadeja,0,0,"",""
ball,2,5.5,Kolkata Knight Riders,SA Yadav,RV Uthappa,RA Jadeja,0,0,"",""
ball,2,5.6,Kolkata Knight Riders,SA Yadav,RV Uthappa,RA Jadeja,0,0,"",""
ball,2,6.1,Kolkata Knight Riders,RV Uthappa,SA Yadav,SK Raina,0,0,"",""
ball,2,6.2,Kolkata Knight Riders,RV Uthappa,SA Yadav,SK Raina,4,0,"",""
ball,2,6.3,Kolkata Knight Riders,RV Uthappa,SA Yadav,SK Raina,1,0,"",""
ball,2,6.4,Kolkata Knight Riders,SA Yadav,RV Uthappa,SK Raina,0,0,"",""
ball,2,6.5,Kolkata Knight Riders,SA Yadav,RV Uthappa,SK Raina,3,0,"",""
ball,2,6.6,Kolkata Knight Riders,RV Uthappa,SA Yadav,SK Raina,2,0,"",""
ball,2,7.1,Kolkata Knight Riders,SA Yadav,RV Uthappa,IC Pandey,2,0,"",""
ball,2,7.2,Kolkata Knight Riders,SA Yadav,RV Uthappa,IC Pandey,0,0,"",""
ball,2,7.3,Kolkata Knight Riders,SA Yadav,RV Uthappa,IC Pandey,0,2,"",""
ball,2,7.4,Kolkata Knight Riders,SA Yadav,RV Uthappa,IC Pandey,1,0,"",""
ball,2,7.5,Kolkata Knight Riders,RV Uthappa,SA Yadav,IC Pandey,4,0,"",""
ball,2,7.6,Kolkata Knight Riders,RV Uthappa,SA Yadav,IC Pandey,1,0,"",""
ball,2,8.1,Kolkata Knight Riders,RV Uthappa,SA Yadav,R Ashwin,0,0,"",""
ball,2,8.2,Kolkata Knight Riders,RV Uthappa,SA Yadav,R Ashwin,1,0,"",""
ball,2,8.3,Kolkata Knight Riders,SA Yadav,RV Uthappa,R Ashwin,1,0,"",""
ball,2,8.4,Kolkata Knight Riders,RV Uthappa,SA Yadav,R Ashwin,1,0,"",""
ball,2,8.5,Kolkata Knight Riders,SA Yadav,RV Uthappa,R Ashwin,1,0,"",""
ball,2,8.6,Kolkata Knight Riders,RV Uthappa,SA Yadav,R Ashwin,1,0,"",""
ball,2,9.1,Kolkata Knight Riders,RV Uthappa,SA Yadav,RA Jadeja,1,0,"",""
ball,2,9.2,Kolkata Knight Riders,SA Yadav,RV Uthappa,RA Jadeja,0,0,"",""
ball,2,9.3,Kolkata Knight Riders,SA Yadav,RV Uthappa,RA Jadeja,0,0,lbw,SA Yadav
ball,2,9.4,Kolkata Knight Riders,YK Pathan,RV Uthappa,RA Jadeja,1,0,"",""
ball,2,9.5,Kolkata Knight Riders,RV Uthappa,YK Pathan,RA Jadeja,0,0,"",""
ball,2,9.6,Kolkata Knight Riders,RV Uthappa,YK Pathan,RA Jadeja,0,0,"",""
ball,2,10.1,Kolkata Knight Riders,YK Pathan,RV Uthappa,R Ashwin,0,0,"",""
ball,2,10.2,Kolkata Knight Riders,YK Pathan,RV Uthappa,R Ashwin,1,0,"",""
ball,2,10.3,Kolkata Knight Riders,RV Uthappa,YK Pathan,R Ashwin,1,0,"",""
ball,2,10.4,Kolkata Knight Riders,YK Pathan,RV Uthappa,R Ashwin,0,0,"",""
ball,2,10.5,Kolkata Knight Riders,YK Pathan,RV Uthappa,R Ashwin,0,0,"",""
ball,2,10.6,Kolkata Knight Riders,YK Pathan,RV Uthappa,R Ashwin,1,0,"",""
ball,2,11.1,Kolkata Knight Riders,YK Pathan,RV Uthappa,RA Jadeja,0,0,"",""
ball,2,11.2,Kolkata Knight Riders,YK Pathan,RV Uthappa,RA Jadeja,1,0,"",""
ball,2,11.3,Kolkata Knight Riders,RV Uthappa,YK Pathan,RA Jadeja,2,0,"",""
ball,2,11.4,Kolkata Knight Riders,RV Uthappa,YK Pathan,RA Jadeja,0,0,"",""
ball,2,11.5,Kolkata Knight Riders,RV Uthappa,YK Pathan,RA Jadeja,1,0,"",""
ball,2,11.6,Kolkata Knight Riders,YK Pathan,RV Uthappa,RA Jadeja,1,0,"",""
ball,2,12.1,Kolkata Knight Riders,YK Pathan,RV Uthappa,R Ashwin,0,0,"",""
ball,2,12.2,Kolkata Knight Riders,YK Pathan,RV Uthappa,R Ashwin,0,0,"",""
ball,2,12.3,Kolkata Knight Riders,YK Pathan,RV Uthappa,R Ashwin,0,0,"",""
ball,2,12.4,Kolkata Knight Riders,YK Pathan,RV Uthappa,R Ashwin,0,0,"",""
ball,2,12.5,Kolkata Knight Riders,YK Pathan,RV Uthappa,R Ashwin,6,0,"",""
ball,2,12.6,Kolkata Knight Riders,YK Pathan,RV Uthappa,R Ashwin,4,0,"",""
ball,2,13.1,Kolkata Knight Riders,RV Uthappa,YK Pathan,RA Jadeja,1,0,"",""
ball,2,13.2,Kolkata Knight Riders,YK Pathan,RV Uthappa,RA Jadeja,2,0,"",""
ball,2,13.3,Kolkata Knight Riders,YK Pathan,RV Uthappa,RA Jadeja,1,0,"",""
ball,2,13.4,Kolkata Knight Riders,RV Uthappa,YK Pathan,RA Jadeja,0,0,caught,RV Uthappa
ball,2,13.5,Kolkata Knight Riders,AD Russell,YK Pathan,RA Jadeja,0,0,"",""
ball,2,13.6,Kolkata Knight Riders,AD Russell,YK Pathan,RA Jadeja,0,0,"",""
ball,2,14.1,Kolkata Knight Riders,YK Pathan,AD Russell,MM Sharma,1,0,"",""
ball,2,14.2,Kolkata Knight Riders,AD Russell,YK Pathan,MM Sharma,0,0,"",""
ball,2,14.3,Kolkata Knight Riders,AD Russell,YK Pathan,MM Sharma,1,0,"",""
ball,2,14.4,Kolkata Knight Riders,YK Pathan,AD Russell,MM Sharma,0,0,"",""
ball,2,14.5,Kolkata Knight Riders,YK Pathan,AD Russell,MM Sharma,1,0,"",""
ball,2,14.6,Kolkata Knight Riders,AD Russell,YK Pathan,MM Sharma,0,0,bowled,AD Russell
ball,2,15.1,Kolkata Knight Riders,YK Pathan,PP Chawla,BW Hilfenhaus,6,0,"",""
ball,2,15.2,Kolkata Knight Riders,YK Pathan,PP Chawla,BW Hilfenhaus,6,0,"",""
ball,2,15.3,Kolkata Knight Riders,YK Pathan,PP Chawla,BW Hilfenhaus,0,0,"",""
ball,2,15.4,Kolkata Knight Riders,YK Pathan,PP Chawla,BW Hilfenhaus,0,0,"",""
ball,2,15.5,Kolkata Knight Riders,YK Pathan,PP Chawla,BW Hilfenhaus,6,0,"",""
ball,2,15.6,Kolkata Knight Riders,YK Pathan,PP Chawla,BW Hilfenhaus,1,0,"",""
ball,2,16.1,Kolkata Knight Riders,YK Pathan,PP Chawla,MM Sharma,1,0,"",""
ball,2,16.2,Kolkata Knight Riders,PP Chawla,YK Pathan,MM Sharma,1,0,"",""
ball,2,16.3,Kolkata Knight Riders,YK Pathan,PP Chawla,MM Sharma,1,0,"",""
ball,2,16.4,Kolkata Knight Riders,PP Chawla,YK Pathan,MM Sharma,0,0,caught,PP Chawla
ball,2,16.5,Kolkata Knight Riders,YK Pathan,R Vinay Kumar,MM Sharma,0,0,lbw,YK Pathan
ball,2,16.6,Kolkata Knight Riders,SP Narine,R Vinay Kumar,MM Sharma,1,0,"",""
