version,1
info,team,Kolkata Knight Riders
info,team,Mumbai Indians
info,gender,male
info,season,2015
info,date,2015/04/08
info,competition,Indian Premier League
info,match_number,1
info,venue,Eden Gardens
info,city,Kolkata
info,toss_winner,Kolkata Knight Riders
info,toss_decision,field
info,player_of_match,M Morkel
info,umpire,S Ravi
info,umpire,C Shamshuddin
info,reserve_umpire,VK Sharma
info,tv_umpire,PG Pathak
info,match_referee,J Srinath
info,winner,Kolkata Knight Riders
info,winner_wickets,7
ball,1,0.1,Mumbai Indians,RG Sharma,AJ Finch,UT Yadav,0,0,"",""
ball,1,0.2,Mumbai Indians,RG Sharma,AJ Finch,UT Yadav,1,0,"",""
ball,1,0.3,Mumbai Indians,AJ Finch,RG Sharma,UT Yadav,1,0,"",""
ball,1,0.4,Mumbai Indians,RG Sharma,AJ Finch,UT Yadav,1,0,"",""
ball,1,0.5,Mumbai Indians,AJ Finch,RG Sharma,UT Yadav,0,1,"",""
ball,1,0.6,Mumbai Indians,RG Sharma,AJ Finch,UT Yadav,0,0,"",""
ball,1,1.1,Mumbai Indians,AJ Finch,RG Sharma,M Morkel,4,0,"",""
ball,1,1.2,Mumbai Indians,AJ Finch,RG Sharma,M Morkel,0,0,"",""
ball,1,1.3,Mumbai Indians,AJ Finch,RG Sharma,M Morkel,0,0,caught,AJ Finch
ball,1,1.4,Mumbai Indians,RG Sharma,AP Tare,M Morkel,0,0,"",""
ball,1,1.5,Mumbai Indians,RG Sharma,AP Tare,M Morkel,0,0,"",""
ball,1,1.6,Mumbai Indians,RG Sharma,AP Tare,M Morkel,1,0,"",""
ball,1,2.1,Mumbai Indians,RG Sharma,AP Tare,UT Yadav,4,0,"",""
ball,1,2.2,Mumbai Indians,RG Sharma,AP Tare,UT Yadav,0,0,"",""
ball,1,2.3,Mumbai Indians,RG Sharma,AP Tare,UT Yadav,0,0,"",""
ball,1,2.4,Mumbai Indians,RG Sharma,AP Tare,UT Yadav,4,0,"",""
ball,1,2.5,Mumbai Indians,RG Sharma,AP Tare,UT Yadav,0,0,"",""
ball,1,2.6,Mumbai Indians,RG Sharma,AP Tare,UT Yadav,4,0,"",""
ball,1,3.1,Mumbai Indians,AP Tare,RG Sharma,M Morkel,0,0,"",""
ball,1,3.2,Mumbai Indians,AP Tare,RG Sharma,M Morkel,4,0,"",""
ball,1,3.3,Mumbai Indians,AP Tare,RG Sharma,M Morkel,1,0,"",""
ball,1,3.4,Mumbai Indians,RG Sharma,AP Tare,M Morkel,0,0,"",""
ball,1,3.5,Mumbai Indians,RG Sharma,AP Tare,M Morkel,1,0,"",""
ball,1,3.6,Mumbai Indians,AP Tare,RG Sharma,M Morkel,1,0,"",""
ball,1,4.1,Mumbai Indians,AP Tare,RG Sharma,Shakib Al Hasan,1,0,"",""
ball,1,4.2,Mumbai Indians,RG Sharma,AP Tare,Shakib Al Hasan,0,0,"",""
ball,1,4.3,Mumbai Indians,RG Sharma,AP Tare,Shakib Al Hasan,6,0,"",""
ball,1,4.4,Mumbai Indians,RG Sharma,AP Tare,Shakib Al Hasan,1,0,"",""
ball,1,4.5,Mumbai Indians,AP Tare,RG Sharma,Shakib Al Hasan,0,0,"",""
ball,1,4.6,Mumbai Indians,AP Tare,RG Sharma,Shakib Al Hasan,0,1,"",""
ball,1,4.7,Mumbai Indians,AP Tare,RG Sharma,Shakib Al Hasan,0,0,caught,AP Tare
ball,1,5.1,Mumbai Indians,AT Rayudu,RG Sharma,M Morkel,0,0,"",""
ball,1,5.2,Mumbai Indians,AT Rayudu,RG Sharma,M Morkel,0,0,caught,AT Rayudu
ball,1,5.3,Mumbai Indians,CJ Anderson,RG Sharma,M Morkel,0,0,"",""
ball,1,5.4,Mumbai Indians,CJ Anderson,RG Sharma,M Morkel,0,0,"",""
ball,1,5.5,Mumbai Indians,CJ Anderson,RG Sharma,M Morkel,0,0,"",""
ball,1,5.6,Mumbai Indians,CJ Anderson,RG Sharma,M Morkel,0,0,"",""
ball,1,6.1,Mumbai Indians,RG Sharma,CJ Anderson,SP Narine,4,0,"",""
ball,1,6.2,Mumbai Indians,RG Sharma,CJ Anderson,SP Narine,0,0,"",""
ball,1,6.3,Mumbai Indians,RG Sharma,CJ Anderson,SP Narine,0,0,"",""
ball,1,6.4,Mumbai Indians,RG Sharma,CJ Anderson,SP Narine,1,0,"",""
ball,1,6.5,Mumbai Indians,CJ Anderson,RG Sharma,SP Narine,0,0,"",""
ball,1,6.6,Mumbai Indians,CJ Anderson,RG Sharma,SP Narine,0,0,"",""
ball,1,7.1,Mumbai Indians,RG Sharma,CJ Anderson,M Morkel,1,0,"",""
ball,1,7.2,Mumbai Indians,CJ Anderson,RG Sharma,M Morkel,0,0,"",""
ball,1,7.3,Mumbai Indians,CJ Anderson,RG Sharma,M Morkel,0,0,"",""
ball,1,7.4,Mumbai Indians,CJ Anderson,RG Sharma,M Morkel,4,0,"",""
ball,1,7.5,Mumbai Indians,CJ Anderson,RG Sharma,M Morkel,0,0,"",""
ball,1,7.6,Mumbai Indians,CJ Anderson,RG Sharma,M Morkel,1,0,"",""
ball,1,8.1,Mumbai Indians,CJ Anderson,RG Sharma,SP Narine,1,0,"",""
ball,1,8.2,Mumbai Indians,RG Sharma,CJ Anderson,SP Narine,0,0,"",""
ball,1,8.3,Mumbai Indians,RG Sharma,CJ Anderson,SP Narine,0,0,"",""
ball,1,8.4,Mumbai Indians,RG Sharma,CJ Anderson,SP Narine,0,0,"",""
ball,1,8.5,Mumbai Indians,RG Sharma,CJ Anderson,SP Narine,4,0,"",""
ball,1,8.6,Mumbai Indians,RG Sharma,CJ Anderson,SP Narine,1,0,"",""
ball,1,9.1,Mumbai Indians,RG Sharma,CJ Anderson,AD Russell,0,0,"",""
ball,1,9.2,Mumbai Indians,RG Sharma,CJ Anderson,AD Russell,0,0,"",""
ball,1,9.3,Mumbai Indians,RG Sharma,CJ Anderson,AD Russell,1,0,"",""
ball,1,9.4,Mumbai Indians,CJ Anderson,RG Sharma,AD Russell,0,0,"",""
ball,1,9.5,Mumbai Indians,CJ Anderson,RG Sharma,AD Russell,1,0,"",""
ball,1,9.6,Mumbai Indians,RG Sharma,CJ Anderson,AD Russell,1,0,"",""
ball,1,10.1,Mumbai Indians,RG Sharma,CJ Anderson,PP Chawla,2,0,"",""
ball,1,10.2,Mumbai Indians,RG Sharma,CJ Anderson,PP Chawla,1,0,"",""
ball,1,10.3,Mumbai Indians,CJ Anderson,RG Sharma,PP Chawla,0,0,"",""
ball,1,10.4,Mumbai Indians,CJ Anderson,RG Sharma,PP Chawla,1,0,"",""
ball,1,10.5,Mumbai Indians,RG Sharma,CJ Anderson,PP Chawla,1,0,"",""
ball,1,10.6,Mumbai Indians,CJ Anderson,RG Sharma,PP Chawla,4,0,"",""
ball,1,11.1,Mumbai Indians,RG Sharma,CJ Anderson,AD Russell,1,0,"",""
ball,1,11.2,Mumbai Indians,CJ Anderson,RG Sharma,AD Russell,0,0,"",""
ball,1,11.3,Mumbai Indians,CJ Anderson,RG Sharma,AD Russell,0,0,"",""
ball,1,11.4,Mumbai Indians,CJ Anderson,RG Sharma,AD Russell,1,0,"",""
ball,1,11.5,Mumbai Indians,RG Sharma,CJ Anderson,AD Russell,1,0,"",""
ball,1,11.6,Mumbai Indians,CJ Anderson,RG Sharma,AD Russell,0,0,"",""
ball,1,12.1,Mumbai Indians,RG Sharma,CJ Anderson,PP Chawla,0,0,"",""
ball,1,12.2,Mumbai Indians,RG Sharma,CJ Anderson,PP Chawla,1,0,"",""
ball,1,12.3,Mumbai Indians,CJ Anderson,RG Sharma,PP Chawla,1,0,"",""
ball,1,12.4,Mumbai Indians,RG Sharma,CJ Anderson,PP Chawla,0,0,"",""
ball,1,12.5,Mumbai Indians,RG Sharma,CJ Anderson,PP Chawla,1,0,"",""
ball,1,12.6,Mumbai Indians,CJ Anderson,RG Sharma,PP Chawla,4,0,"",""
ball,1,13.1,Mumbai Indians,RG Sharma,CJ Anderson,SP Narine,1,0,"",""
ball,1,13.2,Mumbai Indians,CJ Anderson,RG Sharma,SP Narine,1,0,"",""
ball,1,13.3,Mumbai Indians,RG Sharma,CJ Anderson,SP Narine,1,0,"",""
ball,1,13.4,Mumbai Indians,CJ Anderson,RG Sharma,SP Narine,1,0,"",""
ball,1,13.5,Mumbai Indians,RG Sharma,CJ Anderson,SP Narine,0,0,"",""
ball,1,13.6,Mumbai Indians,RG Sharma,CJ Anderson,SP Narine,0,0,"",""
ball,1,14.1,Mumbai Indians,CJ Anderson,RG Sharma,UT Yadav,2,0,"",""
ball,1,14.2,Mumbai Indians,CJ Anderson,RG Sharma,UT Yadav,1,0,"",""
ball,1,14.3,Mumbai Indians,RG Sharma,CJ Anderson,UT Yadav,4,0,"",""
ball,1,14.4,Mumbai Indians,RG Sharma,CJ Anderson,UT Yadav,4,0,"",""
ball,1,14.5,Mumbai Indians,RG Sharma,CJ Anderson,UT Yadav,6,0,"",""
ball,1,14.6,Mumbai Indians,RG Sharma,CJ Anderson,UT Yadav,4,0,"",""
ball,1,15.1,Mumbai Indians,CJ Anderson,RG Sharma,Shakib Al Hasan,1,0,"",""
ball,1,15.2,Mumbai Indians,RG Sharma,CJ Anderson,Shakib Al Hasan,0,0,"",""
ball,1,15.3,Mumbai Indians,RG Sharma,CJ Anderson,Shakib Al Hasan,0,0,"",""
ball,1,15.4,Mumbai Indians,RG Sharma,CJ Anderson,Shakib Al Hasan,4,0,"",""
ball,1,15.5,Mumbai Indians,RG Sharma,CJ Anderson,Shakib Al Hasan,1,0,"",""
ball,1,15.6,Mumbai Indians,CJ Anderson,RG Sharma,Shakib Al Hasan,2,0,"",""
ball,1,16.1,Mumbai Indians,RG Sharma,CJ Anderson,SP Narine,1,0,"",""
ball,1,16.2,Mumbai Indians,CJ Anderson,RG Sharma,SP Narine,1,0,"",""
ball,1,16.3,Mumbai Indians,RG Sharma,CJ Anderson,SP Narine,0,0,"",""
ball,1,16.4,Mumbai Indians,RG Sharma,CJ Anderson,SP Narine,4,0,"",""
ball,1,16.5,Mumbai Indians,RG Sharma,CJ Anderson,SP Narine,6,0,"",""
ball,1,16.6,Mumbai Indians,RG Sharma,CJ Anderson,SP Narine,1,0,"",""
ball,1,17.1,Mumbai Indians,RG Sharma,CJ Anderson,Shakib Al Hasan,0,1,"",""
ball,1,17.2,Mumbai Indians,RG Sharma,CJ Anderson,Shakib Al Hasan,4,0,"",""
ball,1,17.3,Mumbai Indians,RG Sharma,CJ Anderson,Shakib Al Hasan,0,0,"",""
ball,1,17.4,Mumbai Indians,RG Sharma,CJ Anderson,Shakib Al Hasan,1,0,"",""
ball,1,17.5,Mumbai Indians,CJ Anderson,RG Sharma,Shakib Al Hasan,0,0,"",""
ball,1,17.6,Mumbai Indians,CJ Anderson,RG Sharma,Shakib Al Hasan,4,0,"",""
ball,1,17.7,Mumbai Indians,CJ Anderson,RG Sharma,Shakib Al Hasan,1,0,"",""
ball,1,18.1,Mumbai Indians,CJ Anderson,RG Sharma,AD Russell,6,0,"",""
ball,1,18.2,Mumbai Indians,CJ Anderson,RG Sharma,AD Russell,1,0,"",""
ball,1,18.3,Mumbai Indians,RG Sharma,CJ Anderson,AD Russell,6,0,"",""
ball,1,18.4,Mumbai Indians,RG Sharma,CJ Anderson,AD Russell,1,0,"",""
ball,1,18.5,Mumbai Indians,CJ Anderson,RG Sharma,AD Russell,0,0,"",""
ball,1,18.6,Mumbai Indians,CJ Anderson,RG Sharma,AD Russell,1,0,"",""
ball,1,19.1,Mumbai Indians,CJ Anderson,RG Sharma,Shakib Al Hasan,6,0,"",""
ball,1,19.2,Mumbai Indians,CJ Anderson,RG Sharma,Shakib Al Hasan,2,0,"",""
ball,1,19.3,Mumbai Indians,CJ Anderson,RG Sharma,Shakib Al Hasan,1,0,"",""
ball,1,19.4,Mumbai Indians,RG Sharma,CJ Anderson,Shakib Al Hasan,4,0,"",""
ball,1,19.5,Mumbai Indians,RG Sharma,CJ Anderson,Shakib Al Hasan,1,0,"",""
ball,1,19.6,Mumbai Indians,CJ Anderson,RG Sharma,Shakib Al Hasan,6,0,"",""
ball,2,0.1,Kolkata Knight Riders,RV Uthappa,G Gambhir,SL Malinga,1,0,"",""
ball,2,0.2,Kolkata Knight Riders,G Gambhir,RV Uthappa,SL Malinga,0,1,"",""
ball,2,0.3,Kolkata Knight Riders,G Gambhir,RV Uthappa,SL Malinga,0,1,"",""
ball,2,0.4,Kolkata Knight Riders,RV Uthappa,G Gambhir,SL Malinga,0,0,"",""
ball,2,0.5,Kolkata Knight Riders,RV Uthappa,G Gambhir,SL Malinga,0,0,"",""
ball,2,0.6,Kolkata Knight Riders,RV Uthappa,G Gambhir,SL Malinga,0,0,"",""
ball,2,0.7,Kolkata Knight Riders,RV Uthappa,G Gambhir,SL Malinga,0,0,"",""
ball,2,1.1,Kolkata Knight Riders,G Gambhir,RV Uthappa,R Vinay Kumar,0,0,"",""
ball,2,1.2,Kolkata Knight Riders,G Gambhir,RV Uthappa,R Vinay Kumar,1,0,"",""
ball,2,1.3,Kolkata Knight Riders,RV Uthappa,G Gambhir,R Vinay Kumar,0,0,"",""
ball,2,1.4,Kolkata Knight Riders,RV Uthappa,G Gambhir,R Vinay Kumar,0,0,"",""
ball,2,1.5,Kolkata Knight Riders,RV Uthappa,G Gambhir,R Vinay Kumar,1,0,"",""
ball,2,1.6,Kolkata Knight Riders,G Gambhir,RV Uthappa,R Vinay Kumar,0,0,"",""
ball,2,2.1,Kolkata Knight Riders,RV Uthappa,G Gambhir,CJ Anderson,6,0,"",""
ball,2,2.2,Kolkata Knight Riders,RV Uthappa,G Gambhir,CJ Anderson,0,0,"",""
ball,2,2.3,Kolkata Knight Riders,RV Uthappa,G Gambhir,CJ Anderson,1,0,"",""
ball,2,2.4,Kolkata Knight Riders,G Gambhir,RV Uthappa,CJ Anderson,1,0,"",""
ball,2,2.5,Kolkata Knight Riders,RV Uthappa,G Gambhir,CJ Anderson,0,0,caught,RV Uthappa
ball,2,2.6,Kolkata Knight Riders,MK Pandey,G Gambhir,CJ Anderson,0,0,"",""
ball,2,3.1,Kolkata Knight Riders,G Gambhir,MK Pandey,R Vinay Kumar,4,0,"",""
ball,2,3.2,Kolkata Knight Riders,G Gambhir,MK Pandey,R Vinay Kumar,0,1,"",""
ball,2,3.3,Kolkata Knight Riders,MK Pandey,G Gambhir,R Vinay Kumar,1,0,"",""
ball,2,3.4,Kolkata Knight Riders,G Gambhir,MK Pandey,R Vinay Kumar,0,0,"",""
ball,2,3.5,Kolkata Knight Riders,G Gambhir,MK Pandey,R Vinay Kumar,0,0,"",""
ball,2,3.6,Kolkata Knight Riders,G Gambhir,MK Pandey,R Vinay Kumar,0,0,"",""
ball,2,4.1,Kolkata Knight Riders,MK Pandey,G Gambhir,CJ Anderson,0,0,"",""
ball,2,4.2,Kolkata Knight Riders,MK Pandey,G Gambhir,CJ Anderson,6,0,"",""
ball,2,4.3,Kolkata Knight Riders,MK Pandey,G Gambhir,CJ Anderson,4,0,"",""
ball,2,4.4,Kolkata Knight Riders,MK Pandey,G Gambhir,CJ Anderson,2,0,"",""
ball,2,4.5,Kolkata Knight Riders,MK Pandey,G Gambhir,CJ Anderson,1,0,"",""
ball,2,4.6,Kolkata Knight Riders,G Gambhir,MK Pandey,CJ Anderson,0,0,"",""
ball,2,5.1,Kolkata Knight Riders,MK Pandey,G Gambhir,JJ Bumrah,4,0,"",""
ball,2,5.2,Kolkata Knight Riders,MK Pandey,G Gambhir,JJ Bumrah,0,0,"",""
ball,2,5.3,Kolkata Knight Riders,MK Pandey,G Gambhir,JJ Bumrah,1,0,"",""
ball,2,5.4,Kolkata Knight Riders,G Gambhir,MK Pandey,JJ Bumrah,0,0,"",""
ball,2,5.5,Kolkata Knight Riders,G Gambhir,MK Pandey,JJ Bumrah,0,0,"",""
ball,2,5.6,Kolkata Knight Riders,G Gambhir,MK Pandey,JJ Bumrah,1,0,"",""
ball,2,6.1,Kolkata Knight Riders,G Gambhir,MK Pandey,PP Ojha,0,0,"",""
ball,2,6.2,Kolkata Knight Riders,G Gambhir,MK Pandey,PP Ojha,2,0,"",""
ball,2,6.3,Kolkata Knight Riders,G Gambhir,MK Pandey,PP Ojha,6,0,"",""
ball,2,6.4,Kolkata Knight Riders,G Gambhir,MK Pandey,PP Ojha,1,0,"",""
ball,2,6.5,Kolkata Knight Riders,MK Pandey,G Gambhir,PP Ojha,1,0,"",""
ball,2,6.6,Kolkata Knight Riders,G Gambhir,MK Pandey,PP Ojha,1,0,"",""
ball,2,7.1,Kolkata Knight Riders,G Gambhir,MK Pandey,Harbhajan Singh,4,0,"",""
ball,2,7.2,Kolkata Knight Riders,G Gambhir,MK Pandey,Harbhajan Singh,2,0,"",""
ball,2,7.3,Kolkata Knight Riders,G Gambhir,MK Pandey,Harbhajan Singh,2,0,"",""
ball,2,7.4,Kolkata Knight Riders,G Gambhir,MK Pandey,Harbhajan Singh,4,0,"",""
ball,2,7.5,Kolkata Knight Riders,G Gambhir,MK Pandey,Harbhajan Singh,0,0,"",""
ball,2,7.6,Kolkata Knight Riders,G Gambhir,MK Pandey,Harbhajan Singh,1,0,"",""
ball,2,8.1,Kolkata Knight Riders,G Gambhir,MK Pandey,PP Ojha,1,0,"",""
ball,2,8.2,Kolkata Knight Riders,MK Pandey,G Gambhir,PP Ojha,6,0,"",""
ball,2,8.3,Kolkata Knight Riders,MK Pandey,G Gambhir,PP Ojha,1,0,"",""
ball,2,8.4,Kolkata Knight Riders,G Gambhir,MK Pandey,PP Ojha,1,0,"",""
ball,2,8.5,Kolkata Knight Riders,MK Pandey,G Gambhir,PP Ojha,1,0,"",""
ball,2,8.6,Kolkata Knight Riders,G Gambhir,MK Pandey,PP Ojha,2,0,"",""
ball,2,9.1,Kolkata Knight Riders,MK Pandey,G Gambhir,Harbhajan Singh,1,0,"",""
ball,2,9.2,Kolkata Knight Riders,G Gambhir,MK Pandey,Harbhajan Singh,1,0,"",""
ball,2,9.3,Kolkata Knight Riders,MK Pandey,G Gambhir,Harbhajan Singh,0,0,"",""
ball,2,9.4,Kolkata Knight Riders,MK Pandey,G Gambhir,Harbhajan Singh,1,0,"",""
ball,2,9.5,Kolkata Knight Riders,G Gambhir,MK Pandey,Harbhajan Singh,4,0,"",""
ball,2,9.6,Kolkata Knight Riders,G Gambhir,MK Pandey,Harbhajan Singh,4,0,"",""
ball,2,10.1,Kolkata Knight Riders,MK Pandey,G Gambhir,SL Malinga,0,0,"",""
ball,2,10.2,Kolkata Knight Riders,MK Pandey,G Gambhir,SL Malinga,6,0,"",""
ball,2,10.3,Kolkata Knight Riders,MK Pandey,G Gambhir,SL Malinga,1,0,"",""
ball,2,10.4,Kolkata Knight Riders,G Gambhir,MK Pandey,SL Malinga,0,0,"",""
ball,2,10.5,Kolkata Knight Riders,G Gambhir,MK Pandey,SL Malinga,1,0,"",""
ball,2,10.6,Kolkata Knight Riders,MK Pandey,G Gambhir,SL Malinga,1,0,"",""
ball,2,11.1,Kolkata Knight Riders,MK Pandey,G Gambhir,Harbhajan Singh,1,0,"",""
ball,2,11.2,Kolkata Knight Riders,G Gambhir,MK Pandey,Harbhajan Singh,0,0,"",""
ball,2,11.3,Kolkata Knight Riders,G Gambhir,MK Pandey,Harbhajan Singh,1,0,"",""
ball,2,11.4,Kolkata Knight Riders,MK Pandey,G Gambhir,Harbhajan Singh,1,0,"",""
ball,2,11.5,Kolkata Knight Riders,G Gambhir,MK Pandey,Harbhajan Singh,1,0,"",""
ball,2,11.6,Kolkata Knight Riders,MK Pandey,G Gambhir,Harbhajan Singh,0,0,caught,MK Pandey
ball,2,12.1,Kolkata Knight Riders,SA Yadav,G Gambhir,R Vinay Kumar,0,0,"",""
ball,2,12.2,Kolkata Knight Riders,SA Yadav,G Gambhir,R Vinay Kumar,6,0,"",""
ball,2,12.3,Kolkata Knight Riders,SA Yadav,G Gambhir,R Vinay Kumar,1,0,"",""
ball,2,12.4,Kolkata Knight Riders,G Gambhir,SA Yadav,R Vinay Kumar,1,0,"",""
ball,2,12.5,Kolkata Knight Riders,SA Yadav,G Gambhir,R Vinay Kumar,1,0,"",""
ball,2,12.6,Kolkata Knight Riders,G Gambhir,SA Yadav,R Vinay Kumar,0,0,"",""
ball,2,13.1,Kolkata Knight Riders,SA Yadav,G Gambhir,Harbhajan Singh,1,0,"",""
ball,2,13.2,Kolkata Knight Riders,G Gambhir,SA Yadav,Harbhajan Singh,4,0,"",""
ball,2,13.3,Kolkata Knight Riders,G Gambhir,SA Yadav,Harbhajan Singh,1,0,"",""
ball,2,13.4,Kolkata Knight Riders,SA Yadav,G Gambhir,Harbhajan Singh,1,0,"",""
ball,2,13.5,Kolkata Knight Riders,G Gambhir,SA Yadav,Harbhajan Singh,1,0,"",""
ball,2,13.6,Kolkata Knight Riders,SA Yadav,G Gambhir,Harbhajan Singh,2,0,"",""
ball,2,14.1,Kolkata Knight Riders,G Gambhir,SA Yadav,JJ Bumrah,4,0,"",""
ball,2,14.2,Kolkata Knight Riders,G Gambhir,SA Yadav,JJ Bumrah,0,0,caught,G Gambhir
ball,2,14.3,Kolkata Knight Riders,SA Yadav,YK Pathan,JJ Bumrah,6,0,"",""
ball,2,14.4,Kolkata Knight Riders,SA Yadav,YK Pathan,JJ Bumrah,1,0,"",""
ball,2,14.5,Kolkata Knight Riders,YK Pathan,SA Yadav,JJ Bumrah,0,0,"",""
ball,2,14.6,Kolkata Knight Riders,YK Pathan,SA Yadav,JJ Bumrah,1,0,"",""
ball,2,15.1,Kolkata Knight Riders,YK Pathan,SA Yadav,SL Malinga,0,0,"",""
ball,2,15.2,Kolkata Knight Riders,YK Pathan,SA Yadav,SL Malinga,0,0,"",""
ball,2,15.3,Kolkata Knight Riders,YK Pathan,SA Yadav,SL Malinga,0,0,"",""
ball,2,15.4,Kolkata Knight Riders,YK Pathan,SA Yadav,SL Malinga,1,0,"",""
ball,2,15.5,Kolkata Knight Riders,SA Yadav,YK Pathan,SL Malinga,0,0,"",""
ball,2,15.6,Kolkata Knight Riders,SA Yadav,YK Pathan,SL Malinga,1,0,"",""
ball,2,16.1,Kolkata Knight Riders,SA Yadav,YK Pathan,JJ Bumrah,0,1,"",""
ball,2,16.2,Kolkata Knight Riders,SA Yadav,YK Pathan,JJ Bumrah,0,0,"",""
ball,2,16.3,Kolkata Knight Riders,SA Yadav,YK Pathan,JJ Bumrah,6,0,"",""
ball,2,16.4,Kolkata Knight Riders,SA Yadav,YK Pathan,JJ Bumrah,0,0,"",""
ball,2,16.5,Kolkata Knight Riders,SA Yadav,YK Pathan,JJ Bumrah,6,0,"",""
ball,2,16.6,Kolkata Knight Riders,SA Yadav,YK Pathan,JJ Bumrah,1,0,"",""
ball,2,16.7,Kolkata Knight Riders,YK Pathan,SA Yadav,JJ Bumrah,6,0,"",""
ball,2,17.1,Kolkata Knight Riders,SA Yadav,YK Pathan,SL Malinga,1,0,"",""
ball,2,17.2,Kolkata Knight Riders,YK Pathan,SA Yadav,SL Malinga,4,0,"",""
ball,2,17.3,Kolkata Knight Riders,YK Pathan,SA Yadav,SL Malinga,0,0,"",""
ball,2,17.4,Kolkata Knight Riders,YK Pathan,SA Yadav,SL Malinga,1,0,"",""
ball,2,17.5,Kolkata Knight Riders,SA Yadav,YK Pathan,SL Malinga,6,0,"",""
ball,2,17.6,Kolkata Knight Riders,SA Yadav,YK Pathan,SL Malinga,2,0,"",""
ball,2,18.1,Kolkata Knight Riders,YK Pathan,SA Yadav,R Vinay Kumar,0,0,"",""
ball,2,18.2,Kolkata Knight Riders,YK Pathan,SA Yadav,R Vinay Kumar,1,0,"",""
ball,2,18.3,Kolkata Knight Riders,SA Yadav,YK Pathan,R Vinay Kumar,4,0,"",""
